id,title,year,genre,director,actors,plot,imdb_rating,runtime_minutes
tt0111161,The Shawshank Redemption,1994,"Drama",Frank Darabont,"Tim Robbins, Morgan Freeman, Bob Gunton","Over the course of several years, two convicts form a friendship, seeking consolation and, eventually, redemption through basic compassion.",9.3,142
tt0068646,The Godfather,1972,"Crime, Drama",Francis Ford Coppola,"Marlon Brando, Al Pacino, James Caan","The aging patriarch of an organized crime dynasty transfers control of his clandestine empire to his reluctant son.",9.2,175
tt0468569,The Dark Knight,2008,"Action, Crime, Drama",Christopher Nolan,"Christian Bale, Heath Ledger, Aaron Eckhart","When the menace known as the Joker wreaks havoc and chaos on the people of Gotham, Batman must accept one of the greatest psychological and physical tests of his ability to fight injustice.",9.0,152
tt0071562,The Godfather Part II,1974,"Crime, Drama",Francis Ford Coppola,"Al Pacino, Robert De Niro, Robert Duvall","The early life and career of Vito Corleone in 1920s New York City is portrayed, while his son, Michael, expands and tightens his grip on the family crime syndicate.",9.0,202
tt0050083,12 Angry Men,1957,"Crime, Drama",Sidney Lumet,"Henry Fonda, Lee J. Cobb, Martin Balsam","A jury holdout attempts to prevent a miscarriage of justice by forcing his colleagues to reconsider the evidence.",9.0,96
tt0108052,Schindler's List,1993,"Biography, Drama, History",Steven Spielberg,"Liam Neeson, Ralph Fiennes, Ben Kingsley","In German-occupied Poland during World War II, industrialist Oskar Schindler gradually becomes concerned for his Jewish workforce after witnessing their persecution by the Nazis.",9.0,195
tt0167260,The Lord of the Rings: The Return of the King,2003,"Action, Adventure, Drama",Peter Jackson,"Elijah Wood, Viggo Mortensen, Ian McKellen","Gandalf and Aragorn lead the World of Men against Sauron's army to draw his gaze from Frodo and Sam as they approach Mount Doom with the One Ring.",9.0,201
tt0110912,Pulp Fiction,1994,"Crime, Drama",Quentin Tarantino,"John Travolta, Uma Thurman, Samuel L. Jackson","The lives of two mob hitmen, a boxer, a gangster and his wife, and a pair of diner bandits intertwine in four tales of violence and redemption.",8.9,154
tt0060196,The Good,1966,"Western",Sergio Leone,"Clint Eastwood, Eli Wallach, Lee Van Cleef","A bounty hunting scam joins two men in an uneasy alliance against a third in a race to find a fortune in gold buried in a remote cemetery.",8.8,178
tt0120737,The Lord of the Rings: The Fellowship of the Ring,2001,"Action, Adventure, Drama",Peter Jackson,"Elijah Wood, Ian McKellen, Orlando Bloom","A meek Hobbit from the Shire and eight companions set out on a journey to destroy the powerful One Ring and save Middle-earth from the Dark Lord Sauron.",8.8,178
tt0109830,Forrest Gump,1994,"Drama, Romance",Robert Zemeckis,"Tom Hanks, Robin Wright, Gary Sinise","The presidencies of Kennedy and Johnson, the Vietnam War, the Watergate scandal and other historical events unfold from the perspective of an Alabama man with an IQ of 75, whose only desire is to be reunited with his childhood sweetheart.",8.8,142
tt0137523,Fight Club,1999,"Drama",David Fincher,"Brad Pitt, Edward Norton, Meat Loaf","An insomniac office worker and a devil-may-care soapmaker form an underground fight club that evolves into something much, much more.",8.8,139
tt1375666,Inception,2010,"Action, Adventure, Sci-Fi",Christopher Nolan,"Leonardo DiCaprio, Joseph Gordon-Levitt, Elliot Page","A thief who steals corporate secrets through the use of dream-sharing technology is given the inverse task of planting an idea into the mind of a C.E.O.",8.8,148
tt0167261,The Lord of the Rings: The Two Towers,2002,"Action, Adventure, Drama",Peter Jackson,"Elijah Wood, Ian McKellen, Viggo Mortensen","While Frodo and Sam edge closer to Mordor with the help of the shifty Gollum, the divided fellowship makes a stand against Sauron's new ally, Saruman, and his hordes of Isengard.",8.8,179
tt0080684,Star Wars: Episode V - The Empire Strikes Back,1980,"Action, Adventure, Fantasy",Irvin Kershner,"Mark Hamill, Harrison Ford, Carrie Fisher","After the Rebels are brutally overpowered by the Empire on the ice planet Hoth, Luke Skywalker begins Jedi training with Yoda, while his friends are pursued by Darth Vader and a bounty hunter named Boba Fett all over the galaxy.",8.7,124
tt0133093,The Matrix,1999,"Action, Sci-Fi",Lana Wachowski and Lilly Wachowski,"Keanu Reeves, Laurence Fishburne, Carrie-Anne Moss","When a beautiful stranger leads computer hacker Neo to a forbidding underworld, he discovers the shocking truth--the life he knows is the elaborate deception of an evil cyber-intelligence.",8.7,136
tt0099685,Goodfellas,1990,"Biography, Crime, Drama",Martin Scorsese,"Robert De Niro, Ray Liotta, Joe Pesci","The story of Henry Hill and his life in the mob, covering his relationship with his wife Karen Hill and his mob partners Jimmy Conway and Tommy DeVito in the Italian-American crime syndicate.",8.7,146
tt0073486,One Flew Over the Cuckoo's Nest,1975,"Drama",Milos Forman,"Jack Nicholson, Louise Fletcher, Will Sampson","A criminal pleads insanity and is admitted to a mental institution, where he rebels against the oppressive nurse and rallies up the scared patients.",8.7,133
tt0114369,Se7en,1995,"Crime, Drama, Mystery",David Fincher,"Morgan Freeman, Brad Pitt, Kevin Spacey","Two detectives, a rookie and a veteran, hunt a serial killer who uses the seven deadly sins as his motives.",8.6,127
tt0102926,The Silence of the Lambs,1991,"Crime, Drama, Thriller",Jonathan Demme,"Jodie Foster, Anthony Hopkins, Lawrence A. Bonney","A young F.B.I. cadet must receive the help of an incarcerated and manipulative cannibal killer to help catch another serial killer, a madman who skins his victims.",8.6,118
tt0038650,It's a Wonderful Life,1946,"Drama, Family, Fantasy",Frank Capra,"James Stewart, Donna Reed, Lionel Barrymore","An angel is sent from Heaven to help a desperately frustrated businessman by showing him what life would have been like if he had never existed.",8.6,130
tt0120689,The Green Mile,1999,"Crime, Drama, Fantasy",Frank Darabont,"Tom Hanks, Michael Clarke Duncan, David Morse","The lives of guards on Death Row are affected by one of their charges: a black man accused of child murder and rape, yet who has a mysterious gift.",8.6,189
tt0076759,Star Wars: Episode IV - A New Hope,1977,"Action, Adventure, Fantasy",George Lucas,"Mark Hamill, Harrison Ford, Carrie Fisher","Luke Skywalker joins forces with a Jedi Knight, a cocky pilot, a Wookiee and two droids to save the galaxy from the Empire's world-destroying battle station, while also attempting to rescue Princess Leia from the mysterious Darth Vader.",8.6,121
tt0103064,Terminator 2: Judgment Day,1991,"Action, Sci-Fi",James Cameron,"Arnold Schwarzenegger, Linda Hamilton, Edward Furlong","A cyborg, identical to the one who failed to kill Sarah Connor, must now protect her ten-year-old son, John Connor, from a more advanced and powerful cyborg.",8.6,137
tt0317248,City of God,2002,"Crime, Drama",Fernando Meirelles and Kátia Lund,"Alexandre Rodrigues, Leandro Firmino, Matheus Nachtergaele","In the slums of Rio, two kids' paths diverge as one struggles to become a photographer and the other a kingpin.",8.6,130
tt0245429,Spirited Away,2001,"Animation, Adventure, Family",Hayao Miyazaki,"Daveigh Chase, Suzanne Pleshette, Miyu Irino","During her family's move to the suburbs, a sullen 10-year-old girl wanders into a world ruled by gods, witches, and spirits, and where humans are changed into beasts.",8.6,125
tt0120815,Saving Private Ryan,1998,"Drama, War",Steven Spielberg,"Tom Hanks, Matt Damon, Tom Sizemore","Following the Normandy Landings, a group of U.S. soldiers go behind enemy lines to retrieve a paratrooper whose brothers have been killed in action.",8.6,169
tt0118799,Life Is Beautiful,1997,"Comedy, Drama, Romance",Roberto Benigni,"Roberto Benigni, Nicoletta Braschi, Giorgio Cantarini","When an open-minded Jewish librarian and his son become victims of the Holocaust, he uses a perfect mixture of will, humor, and imagination to protect his son from the dangers around their camp.",8.6,116
tt0047478,Seven Samurai,1954,"Action, Drama",Akira Kurosawa,"Toshirô Mifune, Takashi Shimura, Keiko Tsushima","A poor village under attack by bandits recruits seven unemployed samurai to help them defend themselves.",8.6,207
tt0816692,Interstellar,2014,"Adventure, Drama, Sci-Fi",Christopher Nolan,"Matthew McConaughey, Anne Hathaway, Jessica Chastain","A team of explorers travel through a wormhole in space in an attempt to ensure humanity's survival.",8.6,169
tt0114814,The Usual Suspects,1995,"Crime, Mystery, Thriller",Bryan Singer,"Kevin Spacey, Gabriel Byrne, Chazz Palminteri","A sole survivor tells of the twisty events leading up to a horrific gun battle on a boat, which began when five criminals met at a seemingly random police lineup.",8.5,106
tt0102082,The Pianist,2002,"Biography, Drama, Music",Roman Polanski,"Adrien Brody, Thomas Kretschmann, Frank Finlay","A Polish Jewish musician struggles to survive the destruction of the Warsaw ghetto of World War II.",8.5,150
tt0110413,Léon: The Professional,1994,"Action, Crime, Drama",Luc Besson,"Jean Reno, Gary Oldman, Natalie Portman","Mathilda, a 12-year-old girl, is reluctantly taken in by Léon, a professional assassin, after her family is murdered. An unusual relationship forms as she becomes his protégée and learns the assassin's trade.",8.5,110
tt0088763,Back to the Future,1985,"Adventure, Comedy, Sci-Fi",Robert Zemeckis,"Michael J. Fox, Christopher Lloyd, Lea Thompson","Marty McFly, a 17-year-old high school student, is accidentally sent thirty years into the past in a time-traveling DeLorean invented by his close friend, the eccentric scientist Doc Brown.",8.5,116
tt0120586,American History X,1998,"Crime, Drama",Tony Kaye,"Edward Norton, Edward Furlong, Beverly D'Angelo","A former neo-nazi skinhead tries to prevent his younger brother from going down the same wrong path that he did.",8.5,119
tt0054215,Psycho,1960,"Horror, Mystery, Thriller",Alfred Hitchcock,"Anthony Perkins, Janet Leigh, Vera Miles","A Phoenix secretary embezzles $40,000 from her employer's client, goes on the run, and checks into a remote motel run by a young man under the domination of his mother.",8.5,109
tt0064116,Once Upon a Time in the West,1968,"Western",Sergio Leone,"Henry Fonda, Charles Bronson, Claudia Cardinale","A mysterious stranger with a harmonica joins forces with a notorious desperado to protect a beautiful widow from a ruthless assassin working for the railroad.",8.5,165
tt0034583,Casablanca,1942,"Drama, Romance, War",Michael Curtiz,"Humphrey Bogart, Ingrid Bergman, Paul Henreid","A cynical American expatriate struggles to decide whether or not he should help his former lover and her fugitive husband escape French Morocco.",8.5,102
tt0095327,Grave of the Fireflies,1988,"Animation, Drama, War",Isao Takahata,"Tsutomu Tatsumi, Ayano Shiraishi, Akemi Yamaguchi","A young boy and his little sister struggle to survive in Japan during World War II.",8.5,89
tt0095765,Cinema Paradiso,1988,"Drama, Romance",Giuseppe Tornatore,"Philippe Noiret, Enzo Cannavale, Antonella Attili","A filmmaker recalls his childhood when falling in love with the pictures at the cinema of his home village and forms a deep friendship with the cinema's projectionist.",8.5,155
tt0056058,Harakiri,1962,"Action, Drama, Mystery",Masaki Kobayashi,"Tatsuya Nakadai, Akira Ishihama, Shima Iwashita","When a ronin requesting seppuku at a feudal lord's palace is told of the brutal suicide of another ronin who previously visited, he reveals how their pasts are intertwined - and in doing so challenges the clan's integrity.",8.5,133
tt0253474,The Pianist,2002,"Biography, Drama, Music",Roman Polanski,"Adrien Brody, Thomas Kretschmann, Frank Finlay","A Polish Jewish musician struggles to survive the destruction of the Warsaw ghetto of World War II.",8.5,150
tt0172495,Gladiator,2000,"Action, Adventure, Drama",Ridley Scott,"Russell Crowe, Joaquin Phoenix, Connie Nielsen","A former Roman General sets out to exact vengeance against the corrupt emperor who murdered his family and sent him into slavery.",8.5,155
tt0027977,Modern Times,1936,"Comedy, Drama, Romance",Charles Chaplin,"Charles Chaplin, Paulette Goddard, Henry Bergman","The Tramp struggles to live in modern industrial society with the help of a young homeless woman.",8.5,87
tt0110357,The Lion King,1994,"Animation, Adventure, Drama",Roger Allers and Rob Minkoff,"Matthew Broderick, Jeremy Irons, James Earl Jones","Lion prince Simba and his father are targeted by his bitter uncle, who wants to ascend the throne himself.",8.5,88
tt0120689,The Departed,2006,"Crime, Drama, Thriller",Martin Scorsese,"Leonardo DiCaprio, Matt Damon, Jack Nicholson","An undercover cop and a mole in the police attempt to identify each other while infiltrating an Irish gang in South Boston.",8.5,151
tt0407887,The Prestige,2006,"Drama, Mystery, Sci-Fi",Christopher Nolan,"Christian Bale, Hugh Jackman, Scarlett Johansson","After a tragic accident, two stage magicians engage in a battle to create the ultimate illusion while sacrificing everything they have to outwit each other.",8.5,130
tt0482571,Whiplash,2014,"Drama, Music",Damien Chazelle,"Miles Teller, J.K. Simmons, Melissa Benoist","A promising young drummer enrolls at a cut-throat music conservatory where his dreams of greatness are mentored by an instructor who will stop at nothing to realize a student's potential.",8.5,106
tt0021749,Apocalypse Now,1979,"Drama, Mystery, War",Francis Ford Coppola,"Martin Sheen, Marlon Brando, Robert Duvall","A U.S. Army officer serving in Vietnam is tasked with assassinating a renegade Special Forces Colonel who sees himself as a god.",8.4,147
tt0078788,Alien,1979,"Horror, Sci-Fi",Ridley Scott,"Sigourney Weaver, Tom Skerritt, John Hurt","After a space merchant vessel receives an unknown transmission as a distress call, one of the crew is attacked by a mysterious life form and they soon realize that its life cycle has merely begun.",8.4,117